{
  "N": 500,
  "alpha": 0.5,
  "R": 0.35,
  "T_w": 2000,
  "T_0": 10000,
  "p": 4,
  "variant": 2,
  "shooting_max_iter": 400,
  "shooting_tol": 1e-18,
  "k_table": {
    "T": [2000, 3000, 4000, 5000, 6000, 7000, 8000, 9000, 10000],
    "variant_1": [0.008200, 0.02768, 0.06560, 0.1281, 0.2214, 0.3516, 0.5248, 0.7472, 1.0250],
    "variant_2": [1.600, 5.400, 12.80, 25.00, 43.20, 68.60, 102.4, 145.8, 200.0]
  },
  "studies": {
    "Tw=4000": {
      "R": 0.35,
      "T_w": 4000.0,
      "T_0": 10000.0,
      "p": 4.0,
      "k_table": {
        "T": [2000, 3000, 4000, 5000, 6000, 7000, 8000, 9000, 10000],
        "variant_1": [0.008200, 0.02768, 0.06560, 0.1281, 0.2214, 0.3516, 0.5248, 0.7472, 1.0250],
        "variant_2": [1.600, 5.400, 12.80, 25.00, 43.20, 68.60, 102.4, 145.8, 200.0]
      }
    },
    "T0=8000": {
      "R": 0.35,
      "T_w": 2000.0,
      "T_0": 8000.0,
      "p": 4.0,
      "k_table": {
        "T": [2000, 3000, 4000, 5000, 6000, 7000, 8000, 9000, 10000],
        "variant_1": [0.008200, 0.02768, 0.06560, 0.1281, 0.2214, 0.3516, 0.5248, 0.7472, 1.0250],
        "variant_2": [1.600, 5.400, 12.80, 25.00, 43.20, 68.60, 102.4, 145.8, 200.0]
      }
    },
    "p=2": {
      "R": 0.35,
      "T_w": 2000.0,
      "T_0": 10000.0,
      "p": 2.0,
      "k_table": {
        "T": [2000, 3000, 4000, 5000, 6000, 7000, 8000, 9000, 10000],
        "variant_1": [0.008200, 0.02768, 0.06560, 0.1281, 0.2214, 0.3516, 0.5248, 0.7472, 1.0250],
        "variant_2": [1.600, 5.400, 12.80, 25.00, 43.20, 68.60, 102.4, 145.8, 200.0]
      }
    },
    "R=0.2": {
      "R": 0.2,
      "T_w": 2000.0,
      "T_0": 10000.0,
      "p": 4.0,
      "k_table": {
        "T": [2000, 3000, 4000, 5000, 6000, 7000, 8000, 9000, 10000],
        "variant_1": [0.008200, 0.02768, 0.06560, 0.1281, 0.2214, 0.3516, 0.5248, 0.7472, 1.0250],
        "variant_2": [1.600, 5.400, 12.80, 25.00, 43.20, 68.60, 102.4, 145.8, 200.0]
      }
    },
    "k_table": {
      "R": 0.35,
      "T_w": 2000.0,
      "T_0": 10000.0,
      "p": 4.0,
      "k_table": {
        "T": [2000, 3000, 4000, 5000, 6000, 7000, 8000, 9000, 10000],
        "variant_1": [0.08200, 0.2768, 0.6560, 1.281, 2.214, 3.516, 5.248, 7.472, 10.250],
        "variant_2": [1.600, 5.400, 12.80, 25.00, 43.20, 68.60, 102.4, 145.8, 200.0]
      }
    }
  }
}